pos,shift,relay
0,,LaTrappe-42
1,121,LaTrappe-42
2,83,LaTrappe-42
3,174,LaTrappe-42
4,,LaTrappe-42
5,115,LaTrappe-42
6,83,LaTrappe-42
7,106,LaTrappe-42
8,127,LaTrappe-42
9,119,LaTrappe-42
10,35,LaTrappe-42
11,139,LaTrappe-42
12,206,LaTrappe-42
13,43,LaTrappe-42
14,39,LaTrappe-42
15,151,LaTrappe-42
16,133,LaTrappe-42
17,52,LaTrappe-42
18,111,LaTrappe-42
19,159,LaTrappe-42
20,86,LaTrappe-42
21,117,LaTrappe-42
22,,LaTrappe-42
23,59,LaTrappe-42
24,181,LaTrappe-42
25,181,LaTrappe-42
26,17,LaTrappe-42
27,140,LaTrappe-42
28,102,LaTrappe-42
29,,LaTrappe-42
30,50,LaTrappe-42
31,165,LaTrappe-42
32,44,LaTrappe-42
33,168,LaTrappe-42
34,165,LaTrappe-42
35,12,LaTrappe-42
36,12,LaTrappe-42
37,115,LaTrappe-42
38,193,LaTrappe-42
39,164,LaTrappe-42
40,48,LaTrappe-42
41,123,LaTrappe-42
42,182,LaTrappe-42
43,173,LaTrappe-42
44,138,LaTrappe-42
45,33,LaTrappe-42
46,165,LaTrappe-42
47,135,LaTrappe-42
48,55,LaTrappe-42
49,201,LaTrappe-42
50,,LaTrappe-42
51,35,LaTrappe-42
52,41,LaTrappe-42
53,169,LaTrappe-42
54,47,LaTrappe-42
55,99,LaTrappe-42
56,180,LaTrappe-42
57,108,LaTrappe-42
58,136,LaTrappe-42
59,106,LaTrappe-42
60,20,LaTrappe-42
61,98,LaTrappe-42
62,78,LaTrappe-42
63,43,LaTrappe-42
64,88,LaTrappe-42
65,44,LaTrappe-42
66,67,LaTrappe-42
67,118,LaTrappe-42
68,127,LaTrappe-42
69,199,LaTrappe-42
70,208,LaTrappe-42
71,106,LaTrappe-42
72,73,LaTrappe-42
73,119,LaTrappe-42
74,45,LaTrappe-42
75,83,LaTrappe-42
76,132,LaTrappe-42
77,192,LaTrappe-42
78,113,LaTrappe-42
79,30,LaTrappe-42
80,84,LaTrappe-42
81,203,LaTrappe-42
82,134,LaTrappe-42
83,190,LaTrappe-42
84,146,LaTrappe-42
85,208,LaTrappe-42
86,24,LaTrappe-42
87,54,LaTrappe-42
88,59,LaTrappe-42
89,1,LaTrappe-42
90,23,LaTrappe-42
91,,LaTrappe-42
92,165,LaTrappe-42
93,84,LaTrappe-42
94,104,LaTrappe-42
95,139,LaTrappe-42
96,200,LaTrappe-42
97,171,LaTrappe-42
98,46,LaTrappe-42
99,6,LaTrappe-42
100,90,LaTrappe-42
101,,LaTrappe-42
102,90,LaTrappe-42
103,1,LaTrappe-42
104,175,LaTrappe-42
105,146,LaTrappe-42
106,202,LaTrappe-42
107,137,LaTrappe-42
108,55,LaTrappe-42
109,28,LaTrappe-42
110,158,LaTrappe-42
111,183,LaTrappe-42
112,71,LaTrappe-42
113,,LaTrappe-42
114,192,LaTrappe-42
115,3,LaTrappe-42
116,187,LaTrappe-42
117,54,LaTrappe-42
118,145,LaTrappe-42
119,75,LaTrappe-42
120,144,LaTrappe-42
121,68,LaTrappe-42
122,171,LaTrappe-42
123,128,LaTrappe-42
124,,LaTrappe-42
125,,LaTrappe-42
126,200,LaTrappe-42
127,67,LaTrappe-42
128,24,LaTrappe-42
129,111,LaTrappe-42
130,123,LaTrappe-42
131,,LaTrappe-42
132,175,LaTrappe-42
133,15,LaTrappe-42
134,194,LaTrappe-42
135,99,LaTrappe-42
136,184,LaTrappe-42
137,205,LaTrappe-42
138,24,LaTrappe-42
139,165,LaTrappe-42
140,161,LaTrappe-42
141,27,LaTrappe-42
142,129,LaTrappe-42
143,80,LaTrappe-42
144,70,LaTrappe-42
145,150,LaTrappe-42
146,16,LaTrappe-42
147,74,LaTrappe-42
148,80,LaTrappe-42
149,41,LaTrappe-42
150,66,LaTrappe-42
151,189,LaTrappe-42
0,130,TyntMeadow-88
1,121,TyntMeadow-88
2,83,TyntMeadow-88
3,34,TyntMeadow-88
4,77,TyntMeadow-88
5,115,TyntMeadow-88
6,83,TyntMeadow-88
7,31,TyntMeadow-88
8,127,TyntMeadow-88
9,119,TyntMeadow-88
10,146,TyntMeadow-88
11,158,TyntMeadow-88
12,206,TyntMeadow-88
13,43,TyntMeadow-88
14,39,TyntMeadow-88
15,151,TyntMeadow-88
16,133,TyntMeadow-88
17,52,TyntMeadow-88
18,111,TyntMeadow-88
19,159,TyntMeadow-88
20,86,TyntMeadow-88
21,117,TyntMeadow-88
22,153,TyntMeadow-88
23,,TyntMeadow-88
24,173,TyntMeadow-88
25,181,TyntMeadow-88
26,17,TyntMeadow-88
27,140,TyntMeadow-88
28,102,TyntMeadow-88
29,8,TyntMeadow-88
30,50,TyntMeadow-88
31,165,TyntMeadow-88
32,44,TyntMeadow-88
33,11,TyntMeadow-88
34,,TyntMeadow-88
35,139,TyntMeadow-88
36,12,TyntMeadow-88
37,115,TyntMeadow-88
38,37,TyntMeadow-88
39,164,TyntMeadow-88
40,48,TyntMeadow-88
41,123,TyntMeadow-88
42,182,TyntMeadow-88
43,173,TyntMeadow-88
44,5,TyntMeadow-88
45,33,TyntMeadow-88
46,165,TyntMeadow-88
47,135,TyntMeadow-88
48,55,TyntMeadow-88
49,201,TyntMeadow-88
50,63,TyntMeadow-88
51,35,TyntMeadow-88
52,78,TyntMeadow-88
53,167,TyntMeadow-88
54,47,TyntMeadow-88
55,99,TyntMeadow-88
56,69,TyntMeadow-88
57,108,TyntMeadow-88
58,136,TyntMeadow-88
59,106,TyntMeadow-88
60,20,TyntMeadow-88
61,26,TyntMeadow-88
62,78,TyntMeadow-88
63,91,TyntMeadow-88
64,102,TyntMeadow-88
65,44,TyntMeadow-88
66,67,TyntMeadow-88
67,118,TyntMeadow-88
68,127,TyntMeadow-88
69,199,TyntMeadow-88
70,208,TyntMeadow-88
71,106,TyntMeadow-88
72,73,TyntMeadow-88
73,119,TyntMeadow-88
74,,TyntMeadow-88
75,83,TyntMeadow-88
76,132,TyntMeadow-88
77,123,TyntMeadow-88
78,33,TyntMeadow-88
79,,TyntMeadow-88
80,,TyntMeadow-88
81,,TyntMeadow-88
82,134,TyntMeadow-88
83,203,TyntMeadow-88
84,70,TyntMeadow-88
85,208,TyntMeadow-88
86,24,TyntMeadow-88
87,103,TyntMeadow-88
88,59,TyntMeadow-88
89,,TyntMeadow-88
90,23,TyntMeadow-88
91,160,TyntMeadow-88
92,165,TyntMeadow-88
93,84,TyntMeadow-88
94,104,TyntMeadow-88
95,139,TyntMeadow-88
96,200,TyntMeadow-88
97,171,TyntMeadow-88
98,46,TyntMeadow-88
99,6,TyntMeadow-88
100,90,TyntMeadow-88
101,40,TyntMeadow-88
102,90,TyntMeadow-88
103,143,TyntMeadow-88
104,175,TyntMeadow-88
105,146,TyntMeadow-88
106,202,TyntMeadow-88
107,137,TyntMeadow-88
108,55,TyntMeadow-88
109,11,TyntMeadow-88
110,,TyntMeadow-88
111,183,TyntMeadow-88
112,71,TyntMeadow-88
113,187,TyntMeadow-88
114,192,TyntMeadow-88
115,145,TyntMeadow-88
116,187,TyntMeadow-88
117,54,TyntMeadow-88
118,145,TyntMeadow-88
119,75,TyntMeadow-88
120,96,TyntMeadow-88
121,68,TyntMeadow-88
122,171,TyntMeadow-88
123,142,TyntMeadow-88
124,,TyntMeadow-88
125,25,TyntMeadow-88
126,200,TyntMeadow-88
127,67,TyntMeadow-88
128,24,TyntMeadow-88
129,104,TyntMeadow-88
130,100,TyntMeadow-88
131,27,TyntMeadow-88
132,175,TyntMeadow-88
133,15,TyntMeadow-88
134,194,TyntMeadow-88
135,91,TyntMeadow-88
136,184,TyntMeadow-88
137,205,TyntMeadow-88
138,47,TyntMeadow-88
139,165,TyntMeadow-88
140,161,TyntMeadow-88
141,27,TyntMeadow-88
142,129,TyntMeadow-88
143,80,TyntMeadow-88
144,70,TyntMeadow-88
145,,TyntMeadow-88
146,16,TyntMeadow-88
147,,TyntMeadow-88
148,80,TyntMeadow-88
149,,TyntMeadow-88
150,66,TyntMeadow-88
151,65,TyntMeadow-88
0,130,Achel-19
1,121,Achel-19
2,83,Achel-19
3,1e,Achel-19
4,…,Achel-19
5,,Achel-19
6,83,Achel-19
7,58,Achel-19
8,ехи,Achel-19
9,185,Achel-19
10,,Achel-19
11,,Achel-19
12,206,Achel-19
13,43,Achel-19
14,39,Achel-19
15,151,Achel-19
16,N/A,Achel-19
17,52,Achel-19
18,21,Achel-19
19,sig,Achel-19
20,86,Achel-19
21,117,Achel-19
22,153,Achel-19
23,59,Achel-19
24,ехи,Achel-19
25,181,Achel-19
26,,Achel-19
27,140,Achel-19
28,@@,Achel-19
29,8,Achel-19
30,--,Achel-19
31,ERR,Achel-19
32,44,Achel-19
33,,Achel-19
34,sig,Achel-19
35,☼,Achel-19
36,,Achel-19
37,115,Achel-19
38,44,Achel-19
39,1e,Achel-19
40,48,Achel-19
41,123,Achel-19
42,182,Achel-19
43,173,Achel-19
44,5,Achel-19
45,33,Achel-19
46,90,Achel-19
47,19,Achel-19
48,55,Achel-19
49,201,Achel-19
50,…,Achel-19
51,35,Achel-19
52,41,Achel-19
53,169,Achel-19
54,47,Achel-19
55,99,Achel-19
56,69,Achel-19
57,sig,Achel-19
58,,Achel-19
59,106,Achel-19
60,89,Achel-19
61,98,Achel-19
62,,Achel-19
63,57,Achel-19
64,88,Achel-19
65,44,Achel-19
66,67,Achel-19
67,118,Achel-19
68,ok,Achel-19
69,199,Achel-19
70,,Achel-19
71,106,Achel-19
72,73,Achel-19
73,119,Achel-19
74,45,Achel-19
75,83,Achel-19
76,132,Achel-19
77,123,Achel-19
78,113,Achel-19
79,30,Achel-19
80,134,Achel-19
81,…,Achel-19
82,,Achel-19
83,,Achel-19
84,70,Achel-19
85,208,Achel-19
86,,Achel-19
87,54,Achel-19
88,,Achel-19
89,1,Achel-19
90,,Achel-19
91,116,Achel-19
92,165,Achel-19
93,84,Achel-19
94,104,Achel-19
95,139,Achel-19
96,N/A,Achel-19
97,,Achel-19
98,lost,Achel-19
99,6,Achel-19
100,90,Achel-19
101,40,Achel-19
102,,Achel-19
103,143,Achel-19
104,,Achel-19
105,2026-09-13,Achel-19
106,52,Achel-19
107,189,Achel-19
108,sig,Achel-19
109,n/a,Achel-19
110,158,Achel-19
111,183,Achel-19
112,95,Achel-19
113,,Achel-19
114,,Achel-19
115,N/A,Achel-19
116,187,Achel-19
117,54,Achel-19
118,12:40,Achel-19
119,75,Achel-19
120,144,Achel-19
121,68,Achel-19
122,165,Achel-19
123,142,Achel-19
124,33,Achel-19
125,--,Achel-19
126,200,Achel-19
127,,Achel-19
128,24,Achel-19
129,12:40,Achel-19
130,43,Achel-19
131,ехи,Achel-19
132,175,Achel-19
133,,Achel-19
134,194,Achel-19
135,,Achel-19
136,184,Achel-19
137,57,Achel-19
138,47,Achel-19
139,165,Achel-19
140,2026-09-13,Achel-19
141,27,Achel-19
142,110,Achel-19
143,80,Achel-19
144,70,Achel-19
145,lost,Achel-19
146,16,Achel-19
147,13.09.2026,Achel-19
148,80,Achel-19
149,41,Achel-19
150,--,Achel-19
151,65,Achel-19
0,9,Westmalle-31
1,121,Westmalle-31
2,,Westmalle-31
3,119,Westmalle-31
4,77,Westmalle-31
5,110,Westmalle-31
6,110,Westmalle-31
7,125,Westmalle-31
8,127,Westmalle-31
9,,Westmalle-31
10,146,Westmalle-31
11,,Westmalle-31
12,206,Westmalle-31
13,153,Westmalle-31
14,39,Westmalle-31
15,151,Westmalle-31
16,112,Westmalle-31
17,52,Westmalle-31
18,36,Westmalle-31
19,168,Westmalle-31
20,151,Westmalle-31
21,192,Westmalle-31
22,9,Westmalle-31
23,46,Westmalle-31
24,173,Westmalle-31
25,62,Westmalle-31
26,17,Westmalle-31
27,208,Westmalle-31
28,47,Westmalle-31
29,59,Westmalle-31
30,137,Westmalle-31
31,141,Westmalle-31
32,44,Westmalle-31
33,181,Westmalle-31
34,120,Westmalle-31
35,47,Westmalle-31
36,185,Westmalle-31
37,0,Westmalle-31
38,193,Westmalle-31
39,164,Westmalle-31
40,48,Westmalle-31
41,207,Westmalle-31
42,63,Westmalle-31
43,,Westmalle-31
44,194,Westmalle-31
45,98,Westmalle-31
46,165,Westmalle-31
47,,Westmalle-31
48,67,Westmalle-31
49,172,Westmalle-31
50,61,Westmalle-31
51,35,Westmalle-31
52,126,Westmalle-31
53,57,Westmalle-31
54,18,Westmalle-31
55,152,Westmalle-31
56,89,Westmalle-31
57,121,Westmalle-31
58,136,Westmalle-31
59,106,Westmalle-31
60,20,Westmalle-31
61,125,Westmalle-31
62,5,Westmalle-31
63,206,Westmalle-31
64,,Westmalle-31
65,152,Westmalle-31
66,34,Westmalle-31
67,118,Westmalle-31
68,127,Westmalle-31
69,199,Westmalle-31
70,,Westmalle-31
71,84,Westmalle-31
72,73,Westmalle-31
73,,Westmalle-31
74,189,Westmalle-31
75,83,Westmalle-31
76,132,Westmalle-31
77,123,Westmalle-31
78,208,Westmalle-31
79,23,Westmalle-31
80,148,Westmalle-31
81,31,Westmalle-31
82,61,Westmalle-31
83,94,Westmalle-31
84,70,Westmalle-31
85,,Westmalle-31
86,24,Westmalle-31
87,177,Westmalle-31
88,11,Westmalle-31
89,2,Westmalle-31
90,12,Westmalle-31
91,,Westmalle-31
92,4,Westmalle-31
93,63,Westmalle-31
94,53,Westmalle-31
95,11,Westmalle-31
96,195,Westmalle-31
97,179,Westmalle-31
98,46,Westmalle-31
99,105,Westmalle-31
100,,Westmalle-31
101,60,Westmalle-31
102,90,Westmalle-31
103,,Westmalle-31
104,199,Westmalle-31
105,203,Westmalle-31
106,57,Westmalle-31
107,,Westmalle-31
108,84,Westmalle-31
109,28,Westmalle-31
110,,Westmalle-31
111,115,Westmalle-31
112,61,Westmalle-31
113,142,Westmalle-31
114,31,Westmalle-31
115,109,Westmalle-31
116,41,Westmalle-31
117,175,Westmalle-31
118,194,Westmalle-31
119,75,Westmalle-31
120,144,Westmalle-31
121,21,Westmalle-31
122,120,Westmalle-31
123,142,Westmalle-31
124,33,Westmalle-31
125,25,Westmalle-31
126,,Westmalle-31
127,125,Westmalle-31
128,24,Westmalle-31
129,120,Westmalle-31
130,43,Westmalle-31
131,144,Westmalle-31
132,167,Westmalle-31
133,15,Westmalle-31
134,194,Westmalle-31
135,123,Westmalle-31
136,147,Westmalle-31
137,205,Westmalle-31
138,,Westmalle-31
139,31,Westmalle-31
140,130,Westmalle-31
141,27,Westmalle-31
142,,Westmalle-31
143,,Westmalle-31
144,70,Westmalle-31
145,,Westmalle-31
146,68,Westmalle-31
147,74,Westmalle-31
148,,Westmalle-31
149,41,Westmalle-31
150,16,Westmalle-31
151,65,Westmalle-31
0,,Rochefort-10
1,121,Rochefort-10
2,83,Rochefort-10
3,174,Rochefort-10
4,77,Rochefort-10
5,115,Rochefort-10
6,83,Rochefort-10
7,31,Rochefort-10
8,127,Rochefort-10
9,119,Rochefort-10
10,146,Rochefort-10
11,158,Rochefort-10
12,206,Rochefort-10
13,43,Rochefort-10
14,39,Rochefort-10
15,151,Rochefort-10
16,133,Rochefort-10
17,52,Rochefort-10
18,111,Rochefort-10
19,159,Rochefort-10
20,86,Rochefort-10
21,117,Rochefort-10
22,,Rochefort-10
23,59,Rochefort-10
24,173,Rochefort-10
25,,Rochefort-10
26,17,Rochefort-10
27,140,Rochefort-10
28,102,Rochefort-10
29,,Rochefort-10
30,8,Rochefort-10
31,165,Rochefort-10
32,210,Rochefort-10
33,11,Rochefort-10
34,165,Rochefort-10
35,139,Rochefort-10
36,12,Rochefort-10
37,115,Rochefort-10
38,193,Rochefort-10
39,164,Rochefort-10
40,48,Rochefort-10
41,123,Rochefort-10
42,161,Rochefort-10
43,173,Rochefort-10
44,5,Rochefort-10
45,28,Rochefort-10
46,165,Rochefort-10
47,186,Rochefort-10
48,55,Rochefort-10
49,201,Rochefort-10
50,132,Rochefort-10
51,35,Rochefort-10
52,41,Rochefort-10
53,169,Rochefort-10
54,47,Rochefort-10
55,,Rochefort-10
56,69,Rochefort-10
57,108,Rochefort-10
58,136,Rochefort-10
59,106,Rochefort-10
60,20,Rochefort-10
61,98,Rochefort-10
62,78,Rochefort-10
63,47,Rochefort-10
64,88,Rochefort-10
65,44,Rochefort-10
66,67,Rochefort-10
67,118,Rochefort-10
68,127,Rochefort-10
69,199,Rochefort-10
70,,Rochefort-10
71,175,Rochefort-10
72,191,Rochefort-10
73,93,Rochefort-10
74,45,Rochefort-10
75,83,Rochefort-10
76,132,Rochefort-10
77,123,Rochefort-10
78,113,Rochefort-10
79,30,Rochefort-10
80,134,Rochefort-10
81,203,Rochefort-10
82,134,Rochefort-10
83,203,Rochefort-10
84,70,Rochefort-10
85,208,Rochefort-10
86,24,Rochefort-10
87,54,Rochefort-10
88,59,Rochefort-10
89,,Rochefort-10
90,23,Rochefort-10
91,116,Rochefort-10
92,165,Rochefort-10
93,84,Rochefort-10
94,,Rochefort-10
95,139,Rochefort-10
96,200,Rochefort-10
97,171,Rochefort-10
98,46,Rochefort-10
99,90,Rochefort-10
100,90,Rochefort-10
101,40,Rochefort-10
102,90,Rochefort-10
103,143,Rochefort-10
104,175,Rochefort-10
105,,Rochefort-10
106,202,Rochefort-10
107,208,Rochefort-10
108,55,Rochefort-10
109,28,Rochefort-10
110,158,Rochefort-10
111,183,Rochefort-10
112,71,Rochefort-10
113,,Rochefort-10
114,192,Rochefort-10
115,145,Rochefort-10
116,187,Rochefort-10
117,,Rochefort-10
118,145,Rochefort-10
119,,Rochefort-10
120,144,Rochefort-10
121,68,Rochefort-10
122,171,Rochefort-10
123,142,Rochefort-10
124,,Rochefort-10
125,,Rochefort-10
126,,Rochefort-10
127,67,Rochefort-10
128,24,Rochefort-10
129,111,Rochefort-10
130,,Rochefort-10
131,27,Rochefort-10
132,175,Rochefort-10
133,15,Rochefort-10
134,180,Rochefort-10
135,,Rochefort-10
136,184,Rochefort-10
137,205,Rochefort-10
138,47,Rochefort-10
139,165,Rochefort-10
140,,Rochefort-10
141,27,Rochefort-10
142,209,Rochefort-10
143,80,Rochefort-10
144,70,Rochefort-10
145,150,Rochefort-10
146,16,Rochefort-10
147,74,Rochefort-10
148,80,Rochefort-10
149,41,Rochefort-10
150,66,Rochefort-10
151,,Rochefort-10
0,22,Engelszell-28
1,121,Engelszell-28
2,,Engelszell-28
3,,Engelszell-28
4,,Engelszell-28
5,115,Engelszell-28
6,83,Engelszell-28
7,,Engelszell-28
8,127,Engelszell-28
9,119,Engelszell-28
10,,Engelszell-28
11,,Engelszell-28
12,46,Engelszell-28
13,43,Engelszell-28
14,39,Engelszell-28
15,151,Engelszell-28
16,133,Engelszell-28
17,52,Engelszell-28
18,111,Engelszell-28
19,159,Engelszell-28
20,86,Engelszell-28
21,,Engelszell-28
22,153,Engelszell-28
23,172,Engelszell-28
24,,Engelszell-28
25,181,Engelszell-28
26,17,Engelszell-28
27,140,Engelszell-28
28,102,Engelszell-28
29,8,Engelszell-28
30,,Engelszell-28
31,165,Engelszell-28
32,44,Engelszell-28
33,11,Engelszell-28
34,165,Engelszell-28
35,139,Engelszell-28
36,12,Engelszell-28
37,115,Engelszell-28
38,,Engelszell-28
39,164,Engelszell-28
40,174,Engelszell-28
41,,Engelszell-28
42,96,Engelszell-28
43,173,Engelszell-28
44,113,Engelszell-28
45,176,Engelszell-28
46,165,Engelszell-28
47,74,Engelszell-28
48,55,Engelszell-28
49,201,Engelszell-28
50,207,Engelszell-28
51,35,Engelszell-28
52,41,Engelszell-28
53,169,Engelszell-28
54,47,Engelszell-28
55,99,Engelszell-28
56,69,Engelszell-28
57,108,Engelszell-28
58,,Engelszell-28
59,106,Engelszell-28
60,20,Engelszell-28
61,98,Engelszell-28
62,,Engelszell-28
63,47,Engelszell-28
64,88,Engelszell-28
65,44,Engelszell-28
66,67,Engelszell-28
67,118,Engelszell-28
68,127,Engelszell-28
69,129,Engelszell-28
70,208,Engelszell-28
71,137,Engelszell-28
72,73,Engelszell-28
73,119,Engelszell-28
74,45,Engelszell-28
75,83,Engelszell-28
76,200,Engelszell-28
77,123,Engelszell-28
78,113,Engelszell-28
79,30,Engelszell-28
80,134,Engelszell-28
81,200,Engelszell-28
82,141,Engelszell-28
83,203,Engelszell-28
84,70,Engelszell-28
85,208,Engelszell-28
86,160,Engelszell-28
87,54,Engelszell-28
88,59,Engelszell-28
89,186,Engelszell-28
90,23,Engelszell-28
91,116,Engelszell-28
92,,Engelszell-28
93,84,Engelszell-28
94,104,Engelszell-28
95,139,Engelszell-28
96,200,Engelszell-28
97,171,Engelszell-28
98,,Engelszell-28
99,6,Engelszell-28
100,90,Engelszell-28
101,40,Engelszell-28
102,90,Engelszell-28
103,143,Engelszell-28
104,175,Engelszell-28
105,146,Engelszell-28
106,202,Engelszell-28
107,137,Engelszell-28
108,55,Engelszell-28
109,28,Engelszell-28
110,158,Engelszell-28
111,183,Engelszell-28
112,71,Engelszell-28
113,142,Engelszell-28
114,192,Engelszell-28
115,145,Engelszell-28
116,187,Engelszell-28
117,100,Engelszell-28
118,145,Engelszell-28
119,75,Engelszell-28
120,144,Engelszell-28
121,68,Engelszell-28
122,126,Engelszell-28
123,142,Engelszell-28
124,33,Engelszell-28
125,25,Engelszell-28
126,200,Engelszell-28
127,67,Engelszell-28
128,,Engelszell-28
129,111,Engelszell-28
130,,Engelszell-28
131,27,Engelszell-28
132,175,Engelszell-28
133,40,Engelszell-28
134,72,Engelszell-28
135,91,Engelszell-28
136,184,Engelszell-28
137,,Engelszell-28
138,187,Engelszell-28
139,165,Engelszell-28
140,161,Engelszell-28
141,27,Engelszell-28
142,129,Engelszell-28
143,80,Engelszell-28
144,70,Engelszell-28
145,15,Engelszell-28
146,16,Engelszell-28
147,74,Engelszell-28
148,80,Engelszell-28
149,,Engelszell-28
150,66,Engelszell-28
151,65,Engelszell-28
0,130,Koningshoeven-05
1,,Koningshoeven-05
2,83,Koningshoeven-05
3,174,Koningshoeven-05
4,77,Koningshoeven-05
5,115,Koningshoeven-05
6,83,Koningshoeven-05
7,31,Koningshoeven-05
8,127,Koningshoeven-05
9,119,Koningshoeven-05
10,146,Koningshoeven-05
11,,Koningshoeven-05
12,206,Koningshoeven-05
13,113,Koningshoeven-05
14,39,Koningshoeven-05
15,151,Koningshoeven-05
16,,Koningshoeven-05
17,52,Koningshoeven-05
18,111,Koningshoeven-05
19,159,Koningshoeven-05
20,86,Koningshoeven-05
21,117,Koningshoeven-05
22,153,Koningshoeven-05
23,59,Koningshoeven-05
24,173,Koningshoeven-05
25,181,Koningshoeven-05
26,17,Koningshoeven-05
27,,Koningshoeven-05
28,102,Koningshoeven-05
29,8,Koningshoeven-05
30,140,Koningshoeven-05
31,,Koningshoeven-05
32,85,Koningshoeven-05
33,,Koningshoeven-05
34,165,Koningshoeven-05
35,209,Koningshoeven-05
36,12,Koningshoeven-05
37,71,Koningshoeven-05
38,193,Koningshoeven-05
39,84,Koningshoeven-05
40,48,Koningshoeven-05
41,123,Koningshoeven-05
42,182,Koningshoeven-05
43,173,Koningshoeven-05
44,60,Koningshoeven-05
45,33,Koningshoeven-05
46,165,Koningshoeven-05
47,135,Koningshoeven-05
48,55,Koningshoeven-05
49,201,Koningshoeven-05
50,162,Koningshoeven-05
51,35,Koningshoeven-05
52,86,Koningshoeven-05
53,169,Koningshoeven-05
54,47,Koningshoeven-05
55,99,Koningshoeven-05
56,69,Koningshoeven-05
57,108,Koningshoeven-05
58,136,Koningshoeven-05
59,106,Koningshoeven-05
60,20,Koningshoeven-05
61,98,Koningshoeven-05
62,78,Koningshoeven-05
63,,Koningshoeven-05
64,88,Koningshoeven-05
65,44,Koningshoeven-05
66,67,Koningshoeven-05
67,118,Koningshoeven-05
68,127,Koningshoeven-05
69,199,Koningshoeven-05
70,208,Koningshoeven-05
71,142,Koningshoeven-05
72,73,Koningshoeven-05
73,119,Koningshoeven-05
74,45,Koningshoeven-05
75,,Koningshoeven-05
76,132,Koningshoeven-05
77,123,Koningshoeven-05
78,113,Koningshoeven-05
79,30,Koningshoeven-05
80,134,Koningshoeven-05
81,203,Koningshoeven-05
82,134,Koningshoeven-05
83,203,Koningshoeven-05
84,,Koningshoeven-05
85,208,Koningshoeven-05
86,24,Koningshoeven-05
87,54,Koningshoeven-05
88,59,Koningshoeven-05
89,1,Koningshoeven-05
90,23,Koningshoeven-05
91,116,Koningshoeven-05
92,165,Koningshoeven-05
93,84,Koningshoeven-05
94,104,Koningshoeven-05
95,139,Koningshoeven-05
96,,Koningshoeven-05
97,171,Koningshoeven-05
98,46,Koningshoeven-05
99,6,Koningshoeven-05
100,90,Koningshoeven-05
101,40,Koningshoeven-05
102,90,Koningshoeven-05
103,143,Koningshoeven-05
104,175,Koningshoeven-05
105,75,Koningshoeven-05
106,202,Koningshoeven-05
107,137,Koningshoeven-05
108,,Koningshoeven-05
109,28,Koningshoeven-05
110,158,Koningshoeven-05
111,183,Koningshoeven-05
112,71,Koningshoeven-05
113,142,Koningshoeven-05
114,192,Koningshoeven-05
115,145,Koningshoeven-05
116,187,Koningshoeven-05
117,54,Koningshoeven-05
118,,Koningshoeven-05
119,75,Koningshoeven-05
120,144,Koningshoeven-05
121,68,Koningshoeven-05
122,68,Koningshoeven-05
123,142,Koningshoeven-05
124,33,Koningshoeven-05
125,,Koningshoeven-05
126,200,Koningshoeven-05
127,67,Koningshoeven-05
128,24,Koningshoeven-05
129,111,Koningshoeven-05
130,43,Koningshoeven-05
131,27,Koningshoeven-05
132,,Koningshoeven-05
133,15,Koningshoeven-05
134,153,Koningshoeven-05
135,91,Koningshoeven-05
136,184,Koningshoeven-05
137,205,Koningshoeven-05
138,47,Koningshoeven-05
139,,Koningshoeven-05
140,161,Koningshoeven-05
141,27,Koningshoeven-05
142,129,Koningshoeven-05
143,80,Koningshoeven-05
144,70,Koningshoeven-05
145,150,Koningshoeven-05
146,16,Koningshoeven-05
147,,Koningshoeven-05
148,,Koningshoeven-05
149,41,Koningshoeven-05
150,66,Koningshoeven-05
151,65,Koningshoeven-05
0,130,Westvleteren-12
1,,Westvleteren-12
2,3,Westvleteren-12
3,174,Westvleteren-12
4,81,Westvleteren-12
5,115,Westvleteren-12
6,,Westvleteren-12
7,,Westvleteren-12
8,127,Westvleteren-12
9,119,Westvleteren-12
10,146,Westvleteren-12
11,158,Westvleteren-12
12,206,Westvleteren-12
13,43,Westvleteren-12
14,39,Westvleteren-12
15,151,Westvleteren-12
16,,Westvleteren-12
17,52,Westvleteren-12
18,111,Westvleteren-12
19,17,Westvleteren-12
20,86,Westvleteren-12
21,117,Westvleteren-12
22,153,Westvleteren-12
23,59,Westvleteren-12
24,173,Westvleteren-12
25,181,Westvleteren-12
26,17,Westvleteren-12
27,140,Westvleteren-12
28,70,Westvleteren-12
29,8,Westvleteren-12
30,50,Westvleteren-12
31,165,Westvleteren-12
32,,Westvleteren-12
33,,Westvleteren-12
34,165,Westvleteren-12
35,139,Westvleteren-12
36,12,Westvleteren-12
37,115,Westvleteren-12
38,193,Westvleteren-12
39,164,Westvleteren-12
40,48,Westvleteren-12
41,123,Westvleteren-12
42,182,Westvleteren-12
43,52,Westvleteren-12
44,5,Westvleteren-12
45,,Westvleteren-12
46,165,Westvleteren-12
47,135,Westvleteren-12
48,55,Westvleteren-12
49,201,Westvleteren-12
50,,Westvleteren-12
51,35,Westvleteren-12
52,41,Westvleteren-12
53,169,Westvleteren-12
54,47,Westvleteren-12
55,142,Westvleteren-12
56,69,Westvleteren-12
57,,Westvleteren-12
58,136,Westvleteren-12
59,106,Westvleteren-12
60,165,Westvleteren-12
61,98,Westvleteren-12
62,78,Westvleteren-12
63,,Westvleteren-12
64,88,Westvleteren-12
65,44,Westvleteren-12
66,67,Westvleteren-12
67,118,Westvleteren-12
68,127,Westvleteren-12
69,199,Westvleteren-12
70,208,Westvleteren-12
71,,Westvleteren-12
72,73,Westvleteren-12
73,119,Westvleteren-12
74,45,Westvleteren-12
75,83,Westvleteren-12
76,132,Westvleteren-12
77,123,Westvleteren-12
78,113,Westvleteren-12
79,30,Westvleteren-12
80,134,Westvleteren-12
81,196,Westvleteren-12
82,,Westvleteren-12
83,203,Westvleteren-12
84,70,Westvleteren-12
85,208,Westvleteren-12
86,24,Westvleteren-12
87,,Westvleteren-12
88,59,Westvleteren-12
89,1,Westvleteren-12
90,23,Westvleteren-12
91,116,Westvleteren-12
92,165,Westvleteren-12
93,84,Westvleteren-12
94,104,Westvleteren-12
95,139,Westvleteren-12
96,200,Westvleteren-12
97,171,Westvleteren-12
98,46,Westvleteren-12
99,,Westvleteren-12
100,90,Westvleteren-12
101,40,Westvleteren-12
102,90,Westvleteren-12
103,5,Westvleteren-12
104,175,Westvleteren-12
105,146,Westvleteren-12
106,197,Westvleteren-12
107,137,Westvleteren-12
108,55,Westvleteren-12
109,28,Westvleteren-12
110,,Westvleteren-12
111,183,Westvleteren-12
112,,Westvleteren-12
113,142,Westvleteren-12
114,100,Westvleteren-12
115,145,Westvleteren-12
116,187,Westvleteren-12
117,54,Westvleteren-12
118,145,Westvleteren-12
119,75,Westvleteren-12
120,144,Westvleteren-12
121,68,Westvleteren-12
122,171,Westvleteren-12
123,,Westvleteren-12
124,,Westvleteren-12
125,25,Westvleteren-12
126,200,Westvleteren-12
127,67,Westvleteren-12
128,24,Westvleteren-12
129,111,Westvleteren-12
130,43,Westvleteren-12
131,27,Westvleteren-12
132,,Westvleteren-12
133,106,Westvleteren-12
134,194,Westvleteren-12
135,91,Westvleteren-12
136,184,Westvleteren-12
137,205,Westvleteren-12
138,47,Westvleteren-12
139,165,Westvleteren-12
140,,Westvleteren-12
141,102,Westvleteren-12
142,129,Westvleteren-12
143,80,Westvleteren-12
144,70,Westvleteren-12
145,150,Westvleteren-12
146,16,Westvleteren-12
147,74,Westvleteren-12
148,80,Westvleteren-12
149,41,Westvleteren-12
150,66,Westvleteren-12
151,65,Westvleteren-12
0,130,Chimay-23
1,65,Chimay-23
2,103,Chimay-23
3,174,Chimay-23
4,202,Chimay-23
5,171,Chimay-23
6,38,Chimay-23
7,145,Chimay-23
8,152,Chimay-23
9,203,Chimay-23
10,146,Chimay-23
11,16,Chimay-23
12,63,Chimay-23
13,43,Chimay-23
14,125,Chimay-23
15,96,Chimay-23
16,110,Chimay-23
17,146,Chimay-23
18,202,Chimay-23
19,159,Chimay-23
20,86,Chimay-23
21,117,Chimay-23
22,153,Chimay-23
23,129,Chimay-23
24,160,Chimay-23
25,104,Chimay-23
26,17,Chimay-23
27,195,Chimay-23
28,57,Chimay-23
29,29,Chimay-23
30,177,Chimay-23
31,165,Chimay-23
32,,Chimay-23
33,85,Chimay-23
34,121,Chimay-23
35,88,Chimay-23
36,43,Chimay-23
37,73,Chimay-23
38,2,Chimay-23
39,185,Chimay-23
40,48,Chimay-23
41,131,Chimay-23
42,89,Chimay-23
43,61,Chimay-23
44,206,Chimay-23
45,198,Chimay-23
46,100,Chimay-23
47,,Chimay-23
48,,Chimay-23
49,201,Chimay-23
50,132,Chimay-23
51,169,Chimay-23
52,59,Chimay-23
53,169,Chimay-23
54,3,Chimay-23
55,209,Chimay-23
56,150,Chimay-23
57,167,Chimay-23
58,206,Chimay-23
59,45,Chimay-23
60,113,Chimay-23
61,98,Chimay-23
62,78,Chimay-23
63,47,Chimay-23
64,104,Chimay-23
65,44,Chimay-23
66,67,Chimay-23
67,20,Chimay-23
68,43,Chimay-23
69,165,Chimay-23
70,97,Chimay-23
71,126,Chimay-23
72,111,Chimay-23
73,119,Chimay-23
74,45,Chimay-23
75,,Chimay-23
76,201,Chimay-23
77,156,Chimay-23
78,199,Chimay-23
79,30,Chimay-23
80,,Chimay-23
81,87,Chimay-23
82,134,Chimay-23
83,150,Chimay-23
84,70,Chimay-23
85,14,Chimay-23
86,24,Chimay-23
87,186,Chimay-23
88,124,Chimay-23
89,152,Chimay-23
90,23,Chimay-23
91,116,Chimay-23
92,107,Chimay-23
93,39,Chimay-23
94,19,Chimay-23
95,38,Chimay-23
96,,Chimay-23
97,156,Chimay-23
98,182,Chimay-23
99,192,Chimay-23
100,90,Chimay-23
101,40,Chimay-23
102,90,Chimay-23
103,143,Chimay-23
104,90,Chimay-23
105,,Chimay-23
106,118,Chimay-23
107,186,Chimay-23
108,,Chimay-23
109,28,Chimay-23
110,25,Chimay-23
111,183,Chimay-23
112,197,Chimay-23
113,65,Chimay-23
114,192,Chimay-23
115,97,Chimay-23
116,28,Chimay-23
117,73,Chimay-23
118,48,Chimay-23
119,111,Chimay-23
120,197,Chimay-23
121,68,Chimay-23
122,180,Chimay-23
123,153,Chimay-23
124,159,Chimay-23
125,19,Chimay-23
126,67,Chimay-23
127,7,Chimay-23
128,,Chimay-23
129,210,Chimay-23
130,191,Chimay-23
131,184,Chimay-23
132,153,Chimay-23
133,15,Chimay-23
134,98,Chimay-23
135,,Chimay-23
136,45,Chimay-23
137,26,Chimay-23
138,47,Chimay-23
139,36,Chimay-23
140,161,Chimay-23
141,175,Chimay-23
142,81,Chimay-23
143,129,Chimay-23
144,194,Chimay-23
145,150,Chimay-23
146,16,Chimay-23
147,74,Chimay-23
148,159,Chimay-23
149,41,Chimay-23
150,124,Chimay-23
151,,Chimay-23
0,94,Orval-07
1,34,Orval-07
2,196,Orval-07
3,140,Orval-07
4,94,Orval-07
5,34,Orval-07
6,196,Orval-07
7,140,Orval-07
8,94,Orval-07
9,34,Orval-07
10,196,Orval-07
11,140,Orval-07
12,94,Orval-07
13,34,Orval-07
14,196,Orval-07
15,140,Orval-07
16,94,Orval-07
17,34,Orval-07
18,196,Orval-07
19,140,Orval-07
20,94,Orval-07
21,34,Orval-07
22,196,Orval-07
23,140,Orval-07
24,94,Orval-07
25,34,Orval-07
26,196,Orval-07
27,140,Orval-07
28,94,Orval-07
29,34,Orval-07
30,196,Orval-07
31,140,Orval-07
32,94,Orval-07
33,34,Orval-07
34,196,Orval-07
35,140,Orval-07
36,94,Orval-07
37,34,Orval-07
38,196,Orval-07
39,140,Orval-07
40,94,Orval-07
41,34,Orval-07
42,196,Orval-07
43,140,Orval-07
44,94,Orval-07
45,34,Orval-07
46,196,Orval-07
47,140,Orval-07
48,94,Orval-07
49,34,Orval-07
50,196,Orval-07
51,140,Orval-07
52,94,Orval-07
53,34,Orval-07
54,196,Orval-07
55,140,Orval-07
56,94,Orval-07
57,34,Orval-07
58,196,Orval-07
59,140,Orval-07
60,94,Orval-07
61,34,Orval-07
62,196,Orval-07
63,140,Orval-07
64,94,Orval-07
65,34,Orval-07
66,196,Orval-07
67,140,Orval-07
68,94,Orval-07
69,34,Orval-07
70,196,Orval-07
71,140,Orval-07
72,94,Orval-07
73,34,Orval-07
74,196,Orval-07
75,140,Orval-07
76,94,Orval-07
77,34,Orval-07
78,196,Orval-07
79,140,Orval-07
80,94,Orval-07
81,34,Orval-07
82,196,Orval-07
83,140,Orval-07
84,94,Orval-07
85,34,Orval-07
86,196,Orval-07
87,140,Orval-07
88,94,Orval-07
89,34,Orval-07
90,196,Orval-07
91,140,Orval-07
92,94,Orval-07
93,34,Orval-07
94,196,Orval-07
95,140,Orval-07
96,94,Orval-07
97,34,Orval-07
98,196,Orval-07
99,140,Orval-07
100,94,Orval-07
101,34,Orval-07
102,196,Orval-07
103,140,Orval-07
104,94,Orval-07
105,34,Orval-07
106,196,Orval-07
107,140,Orval-07
108,94,Orval-07
109,34,Orval-07
110,196,Orval-07
111,140,Orval-07
112,94,Orval-07
113,34,Orval-07
114,196,Orval-07
115,140,Orval-07
116,94,Orval-07
117,34,Orval-07
118,196,Orval-07
119,140,Orval-07
120,94,Orval-07
121,34,Orval-07
122,196,Orval-07
123,140,Orval-07
124,94,Orval-07
125,34,Orval-07
126,196,Orval-07
127,140,Orval-07
128,94,Orval-07
129,34,Orval-07
130,196,Orval-07
131,140,Orval-07
132,94,Orval-07
133,34,Orval-07
134,196,Orval-07
135,140,Orval-07
136,94,Orval-07
137,34,Orval-07
138,196,Orval-07
139,140,Orval-07
140,94,Orval-07
141,34,Orval-07
142,196,Orval-07
143,140,Orval-07
144,94,Orval-07
145,34,Orval-07
146,196,Orval-07
147,140,Orval-07
148,94,Orval-07
149,34,Orval-07
150,196,Orval-07
151,140,Orval-07
0,130,TreFontane-33
1,121,TreFontane-33
2,128,TreFontane-33
3,174,TreFontane-33
4,77,TreFontane-33
5,115,TreFontane-33
6,83,TreFontane-33
7,31,TreFontane-33
8,127,TreFontane-33
9,119,TreFontane-33
10,146,TreFontane-33
11,199,TreFontane-33
12,206,TreFontane-33
13,43,TreFontane-33
14,39,TreFontane-33
15,151,TreFontane-33
16,133,TreFontane-33
17,52,TreFontane-33
18,48,TreFontane-33
19,,TreFontane-33
20,86,TreFontane-33
21,117,TreFontane-33
22,153,TreFontane-33
23,59,TreFontane-33
24,173,TreFontane-33
25,181,TreFontane-33
26,17,TreFontane-33
27,140,TreFontane-33
28,102,TreFontane-33
29,8,TreFontane-33
30,50,TreFontane-33
31,165,TreFontane-33
32,44,TreFontane-33
33,11,TreFontane-33
34,165,TreFontane-33
35,139,TreFontane-33
36,12,TreFontane-33
37,115,TreFontane-33
38,193,TreFontane-33
39,164,TreFontane-33
40,,TreFontane-33
41,123,TreFontane-33
42,182,TreFontane-33
43,57,TreFontane-33
44,5,TreFontane-33
45,,TreFontane-33
46,165,TreFontane-33
47,135,TreFontane-33
48,55,TreFontane-33
49,200,TreFontane-33
50,132,TreFontane-33
51,35,TreFontane-33
52,41,TreFontane-33
53,169,TreFontane-33
54,47,TreFontane-33
55,99,TreFontane-33
56,,TreFontane-33
57,108,TreFontane-33
58,,TreFontane-33
59,106,TreFontane-33
60,20,TreFontane-33
61,98,TreFontane-33
62,78,TreFontane-33
63,47,TreFontane-33
64,88,TreFontane-33
65,44,TreFontane-33
66,67,TreFontane-33
67,,TreFontane-33
68,127,TreFontane-33
69,199,TreFontane-33
70,,TreFontane-33
71,106,TreFontane-33
72,73,TreFontane-33
73,119,TreFontane-33
74,45,TreFontane-33
75,83,TreFontane-33
76,132,TreFontane-33
77,123,TreFontane-33
78,113,TreFontane-33
79,74,TreFontane-33
80,134,TreFontane-33
81,203,TreFontane-33
82,134,TreFontane-33
83,203,TreFontane-33
84,,TreFontane-33
85,208,TreFontane-33
86,208,TreFontane-33
87,54,TreFontane-33
88,59,TreFontane-33
89,,TreFontane-33
90,23,TreFontane-33
91,177,TreFontane-33
92,165,TreFontane-33
93,84,TreFontane-33
94,,TreFontane-33
95,139,TreFontane-33
96,200,TreFontane-33
97,171,TreFontane-33
98,46,TreFontane-33
99,6,TreFontane-33
100,37,TreFontane-33
101,37,TreFontane-33
102,90,TreFontane-33
103,143,TreFontane-33
104,175,TreFontane-33
105,146,TreFontane-33
106,202,TreFontane-33
107,137,TreFontane-33
108,55,TreFontane-33
109,28,TreFontane-33
110,158,TreFontane-33
111,,TreFontane-33
112,71,TreFontane-33
113,142,TreFontane-33
114,192,TreFontane-33
115,145,TreFontane-33
116,187,TreFontane-33
117,54,TreFontane-33
118,90,TreFontane-33
119,75,TreFontane-33
120,144,TreFontane-33
121,68,TreFontane-33
122,171,TreFontane-33
123,142,TreFontane-33
124,33,TreFontane-33
125,130,TreFontane-33
126,,TreFontane-33
127,210,TreFontane-33
128,24,TreFontane-33
129,,TreFontane-33
130,43,TreFontane-33
131,27,TreFontane-33
132,175,TreFontane-33
133,15,TreFontane-33
134,,TreFontane-33
135,91,TreFontane-33
136,184,TreFontane-33
137,,TreFontane-33
138,47,TreFontane-33
139,129,TreFontane-33
140,161,TreFontane-33
141,27,TreFontane-33
142,129,TreFontane-33
143,80,TreFontane-33
144,70,TreFontane-33
145,27,TreFontane-33
146,16,TreFontane-33
147,74,TreFontane-33
148,80,TreFontane-33
149,41,TreFontane-33
150,66,TreFontane-33
151,65,TreFontane-33
0,176,MontDesCats-77
1,176,MontDesCats-77
2,176,MontDesCats-77
3,176,MontDesCats-77
4,176,MontDesCats-77
5,176,MontDesCats-77
6,176,MontDesCats-77
7,176,MontDesCats-77
8,176,MontDesCats-77
9,176,MontDesCats-77
10,176,MontDesCats-77
11,176,MontDesCats-77
12,176,MontDesCats-77
13,176,MontDesCats-77
14,176,MontDesCats-77
15,176,MontDesCats-77
16,176,MontDesCats-77
17,176,MontDesCats-77
18,176,MontDesCats-77
19,176,MontDesCats-77
20,176,MontDesCats-77
21,176,MontDesCats-77
22,176,MontDesCats-77
23,176,MontDesCats-77
24,176,MontDesCats-77
25,176,MontDesCats-77
26,176,MontDesCats-77
27,176,MontDesCats-77
28,176,MontDesCats-77
29,176,MontDesCats-77
30,176,MontDesCats-77
31,176,MontDesCats-77
32,176,MontDesCats-77
33,176,MontDesCats-77
34,176,MontDesCats-77
35,176,MontDesCats-77
36,176,MontDesCats-77
37,176,MontDesCats-77
38,176,MontDesCats-77
39,176,MontDesCats-77
40,176,MontDesCats-77
41,176,MontDesCats-77
42,176,MontDesCats-77
43,176,MontDesCats-77
44,176,MontDesCats-77
45,176,MontDesCats-77
46,176,MontDesCats-77
47,176,MontDesCats-77
48,176,MontDesCats-77
49,176,MontDesCats-77
50,176,MontDesCats-77
51,176,MontDesCats-77
52,176,MontDesCats-77
53,176,MontDesCats-77
54,176,MontDesCats-77
55,176,MontDesCats-77
56,176,MontDesCats-77
57,176,MontDesCats-77
58,176,MontDesCats-77
59,176,MontDesCats-77
60,176,MontDesCats-77
61,176,MontDesCats-77
62,176,MontDesCats-77
63,176,MontDesCats-77
64,176,MontDesCats-77
65,176,MontDesCats-77
66,176,MontDesCats-77
67,176,MontDesCats-77
68,176,MontDesCats-77
69,176,MontDesCats-77
70,176,MontDesCats-77
71,176,MontDesCats-77
72,176,MontDesCats-77
73,176,MontDesCats-77
74,176,MontDesCats-77
75,176,MontDesCats-77
76,176,MontDesCats-77
77,176,MontDesCats-77
78,176,MontDesCats-77
79,176,MontDesCats-77
80,176,MontDesCats-77
81,176,MontDesCats-77
82,176,MontDesCats-77
83,176,MontDesCats-77
84,176,MontDesCats-77
85,176,MontDesCats-77
86,176,MontDesCats-77
87,176,MontDesCats-77
88,176,MontDesCats-77
89,176,MontDesCats-77
90,176,MontDesCats-77
91,176,MontDesCats-77
92,176,MontDesCats-77
93,176,MontDesCats-77
94,176,MontDesCats-77
95,176,MontDesCats-77
96,176,MontDesCats-77
97,176,MontDesCats-77
98,176,MontDesCats-77
99,176,MontDesCats-77
100,176,MontDesCats-77
101,176,MontDesCats-77
102,176,MontDesCats-77
103,176,MontDesCats-77
104,176,MontDesCats-77
105,176,MontDesCats-77
106,176,MontDesCats-77
107,176,MontDesCats-77
108,176,MontDesCats-77
109,176,MontDesCats-77
110,176,MontDesCats-77
111,176,MontDesCats-77
112,176,MontDesCats-77
113,176,MontDesCats-77
114,176,MontDesCats-77
115,176,MontDesCats-77
116,176,MontDesCats-77
117,176,MontDesCats-77
118,176,MontDesCats-77
119,176,MontDesCats-77
120,176,MontDesCats-77
121,176,MontDesCats-77
122,176,MontDesCats-77
123,176,MontDesCats-77
124,176,MontDesCats-77
125,176,MontDesCats-77
126,176,MontDesCats-77
127,176,MontDesCats-77
128,176,MontDesCats-77
129,176,MontDesCats-77
130,176,MontDesCats-77
131,176,MontDesCats-77
132,176,MontDesCats-77
133,176,MontDesCats-77
134,176,MontDesCats-77
135,176,MontDesCats-77
136,176,MontDesCats-77
137,176,MontDesCats-77
138,176,MontDesCats-77
139,176,MontDesCats-77
140,176,MontDesCats-77
141,176,MontDesCats-77
142,176,MontDesCats-77
143,176,MontDesCats-77
144,176,MontDesCats-77
145,176,MontDesCats-77
146,176,MontDesCats-77
147,176,MontDesCats-77
148,176,MontDesCats-77
149,176,MontDesCats-77
150,176,MontDesCats-77
151,176,MontDesCats-77
0,130,Zundert-56
1,,Zundert-56
2,83,Zundert-56
3,92,Zundert-56
4,,Zundert-56
5,,Zundert-56
6,83,Zundert-56
7,151,Zundert-56
8,127,Zundert-56
9,119,Zundert-56
10,146,Zundert-56
11,158,Zundert-56
12,206,Zundert-56
13,43,Zundert-56
14,39,Zundert-56
15,151,Zundert-56
16,,Zundert-56
17,52,Zundert-56
18,,Zundert-56
19,159,Zundert-56
20,127,Zundert-56
21,117,Zundert-56
22,153,Zundert-56
23,59,Zundert-56
24,200,Zundert-56
25,181,Zundert-56
26,37,Zundert-56
27,140,Zundert-56
28,102,Zundert-56
29,8,Zundert-56
30,50,Zundert-56
31,165,Zundert-56
32,44,Zundert-56
33,11,Zundert-56
34,165,Zundert-56
35,,Zundert-56
36,12,Zundert-56
37,115,Zundert-56
38,,Zundert-56
39,164,Zundert-56
40,48,Zundert-56
41,123,Zundert-56
42,182,Zundert-56
43,19,Zundert-56
44,5,Zundert-56
45,33,Zundert-56
46,165,Zundert-56
47,135,Zundert-56
48,55,Zundert-56
49,,Zundert-56
50,,Zundert-56
51,35,Zundert-56
52,41,Zundert-56
53,169,Zundert-56
54,47,Zundert-56
55,99,Zundert-56
56,,Zundert-56
57,108,Zundert-56
58,136,Zundert-56
59,106,Zundert-56
60,20,Zundert-56
61,98,Zundert-56
62,78,Zundert-56
63,47,Zundert-56
64,88,Zundert-56
65,44,Zundert-56
66,67,Zundert-56
67,118,Zundert-56
68,127,Zundert-56
69,177,Zundert-56
70,208,Zundert-56
71,106,Zundert-56
72,,Zundert-56
73,119,Zundert-56
74,45,Zundert-56
75,164,Zundert-56
76,132,Zundert-56
77,123,Zundert-56
78,113,Zundert-56
79,30,Zundert-56
80,96,Zundert-56
81,203,Zundert-56
82,134,Zundert-56
83,203,Zundert-56
84,70,Zundert-56
85,208,Zundert-56
86,24,Zundert-56
87,54,Zundert-56
88,59,Zundert-56
89,164,Zundert-56
90,96,Zundert-56
91,116,Zundert-56
92,165,Zundert-56
93,84,Zundert-56
94,104,Zundert-56
95,139,Zundert-56
96,198,Zundert-56
97,171,Zundert-56
98,46,Zundert-56
99,,Zundert-56
100,90,Zundert-56
101,170,Zundert-56
102,90,Zundert-56
103,143,Zundert-56
104,,Zundert-56
105,146,Zundert-56
106,202,Zundert-56
107,137,Zundert-56
108,,Zundert-56
109,28,Zundert-56
110,158,Zundert-56
111,183,Zundert-56
112,71,Zundert-56
113,38,Zundert-56
114,192,Zundert-56
115,145,Zundert-56
116,187,Zundert-56
117,54,Zundert-56
118,145,Zundert-56
119,75,Zundert-56
120,144,Zundert-56
121,68,Zundert-56
122,171,Zundert-56
123,,Zundert-56
124,33,Zundert-56
125,25,Zundert-56
126,200,Zundert-56
127,67,Zundert-56
128,24,Zundert-56
129,111,Zundert-56
130,43,Zundert-56
131,27,Zundert-56
132,175,Zundert-56
133,15,Zundert-56
134,194,Zundert-56
135,91,Zundert-56
136,184,Zundert-56
137,205,Zundert-56
138,154,Zundert-56
139,165,Zundert-56
140,,Zundert-56
141,,Zundert-56
142,,Zundert-56
143,80,Zundert-56
144,70,Zundert-56
145,150,Zundert-56
146,16,Zundert-56
147,74,Zundert-56
148,80,Zundert-56
149,41,Zundert-56
150,66,Zundert-56
151,65,Zundert-56
0,,Spencer-61
1,,Spencer-61
2,,Spencer-61
3,,Spencer-61
4,,Spencer-61
5,,Spencer-61
6,,Spencer-61
7,,Spencer-61
8,,Spencer-61
9,,Spencer-61
10,,Spencer-61
11,,Spencer-61
12,,Spencer-61
13,,Spencer-61
14,,Spencer-61
15,,Spencer-61
16,,Spencer-61
17,,Spencer-61
18,,Spencer-61
19,,Spencer-61
20,,Spencer-61
21,,Spencer-61
22,,Spencer-61
23,,Spencer-61
24,,Spencer-61
25,,Spencer-61
26,,Spencer-61
27,,Spencer-61
28,,Spencer-61
29,,Spencer-61
30,,Spencer-61
31,,Spencer-61
32,,Spencer-61
33,,Spencer-61
34,,Spencer-61
35,,Spencer-61
36,,Spencer-61
37,,Spencer-61
38,,Spencer-61
39,,Spencer-61
40,,Spencer-61
41,,Spencer-61
42,,Spencer-61
43,,Spencer-61
44,,Spencer-61
45,,Spencer-61
46,,Spencer-61
47,,Spencer-61
48,,Spencer-61
49,,Spencer-61
50,,Spencer-61
51,,Spencer-61
52,,Spencer-61
53,,Spencer-61
54,,Spencer-61
55,,Spencer-61
56,,Spencer-61
57,,Spencer-61
58,,Spencer-61
59,,Spencer-61
60,,Spencer-61
61,,Spencer-61
62,,Spencer-61
63,,Spencer-61
64,,Spencer-61
65,,Spencer-61
66,,Spencer-61
67,,Spencer-61
68,,Spencer-61
69,,Spencer-61
70,,Spencer-61
71,,Spencer-61
72,,Spencer-61
73,,Spencer-61
74,,Spencer-61
75,,Spencer-61
76,,Spencer-61
77,,Spencer-61
78,,Spencer-61
79,,Spencer-61
80,,Spencer-61
81,,Spencer-61
82,,Spencer-61
83,,Spencer-61
84,,Spencer-61
85,,Spencer-61
86,,Spencer-61
87,,Spencer-61
88,,Spencer-61
89,,Spencer-61
90,,Spencer-61
91,,Spencer-61
92,,Spencer-61
93,,Spencer-61
94,,Spencer-61
95,,Spencer-61
96,,Spencer-61
97,,Spencer-61
98,,Spencer-61
99,,Spencer-61
100,,Spencer-61
101,,Spencer-61
102,,Spencer-61
103,,Spencer-61
104,,Spencer-61
105,,Spencer-61
106,,Spencer-61
107,,Spencer-61
108,,Spencer-61
109,,Spencer-61
110,,Spencer-61
111,,Spencer-61
112,,Spencer-61
113,,Spencer-61
114,,Spencer-61
115,,Spencer-61
116,,Spencer-61
117,,Spencer-61
118,,Spencer-61
119,,Spencer-61
120,,Spencer-61
121,,Spencer-61
122,,Spencer-61
123,,Spencer-61
124,,Spencer-61
125,,Spencer-61
126,,Spencer-61
127,,Spencer-61
128,,Spencer-61
129,,Spencer-61
130,,Spencer-61
131,,Spencer-61
132,,Spencer-61
133,,Spencer-61
134,,Spencer-61
135,,Spencer-61
136,,Spencer-61
137,,Spencer-61
138,,Spencer-61
139,,Spencer-61
140,,Spencer-61
141,,Spencer-61
142,,Spencer-61
143,,Spencer-61
144,,Spencer-61
145,,Spencer-61
146,,Spencer-61
147,,Spencer-61
148,,Spencer-61
149,,Spencer-61
150,,Spencer-61
151,,Spencer-61
